{
  "n_components": 3,
  "doc_topic_prior": null,
  "topic_word_prior": null,
  "top_words": [
    {
      "双皮奶": 17299.454165424166,
      "好吃": 7768.423532825044,
      "味道": 5745.873894833375,
      "甜品": 4504.150963181901,
      "不错": 4499.750056258559,
      "三星": 4075.4295100921104,
      "广州": 3919.565446297558,
      "红豆": 3642.2306328096206,
      "南信": 3394.126689841641,
      "还是": 3376.6379547212746,
      "姜撞奶": 3320.491960008539,
      "喜欢": 3281.257409587171,
      "没有": 3109.959063420751,
      "就是": 2976.2295388960742,
      "但是": 2881.936679961089,
      "上下": 2811.7659423344153,
      "真的": 2752.4620350471987,
      "可以": 2750.5584926201427,
      "感觉": 2714.781104723407,
      "很多": 2583.9553612031177
    },
    {
      "甜品": 6386.204426452656,
      "糖水": 4416.049153530675,
      "味道": 4221.464805038601,
      "奶糊": 3952.7581346354204,
      "百花": 3511.4421594722953,
      "好吃": 3198.72820868772,
      "不错": 3081.8259124048413,
      "凤凰": 2915.576000782742,
      "没有": 2713.230038721117,
      "喜欢": 2645.038653038078,
      "还是": 2550.7148254753324,
      "就是": 2426.0751591616363,
      "感觉": 2388.183605333545,
      "比较": 2368.9456905496004,
      "广州": 2273.1725631779295,
      "红豆": 2248.1412285922793,
      "可以": 2247.4551813713215,
      "很多": 2233.731035969584,
      "但是": 2136.139890812805,
      "甜品店": 2126.4073956537045
    },
    {
      "不过": 2782.131025220957,
      "甜品": 2196.64461036517,
      "芒果": 2004.0937480486984,
      "味道": 1816.661300127795,
      "糖水": 1771.9384726632923,
      "好多": 1633.0272752680796,
      "可以": 1601.9863260083143,
      "觉得": 1480.1607019687826,
      "中意": 1392.71898697721,
      "而且": 1247.0381822279105,
      "好好": 1217.4168168815359,
      "以前": 1159.0670878966794,
      "真系": 1129.553320747252,
      "价钱": 1121.0063656512789,
      "老字号": 1115.4824191004734,
      "出品": 1004.6313064518829,
      "比较": 979.8130804336283,
      "芬芳": 942.6836699557036,
      "所以": 880.0841553726164,
      "环境": 839.0238784126682
    }
  ]
}